"Id";"Designator";"Footprint";"Quantity";"Designation";"Supplier and ref";
1;"U4";"PinHeader_1x10_P2.54mm_Vertical";1;"ADS1115 module";;;
2;"U2";"PinHeader_1x08_P2.54mm_Vertical";1;"MMA845";;;
3;"C1";"C_Disc_D3.0mm_W1.6mm_P2.50mm";1;".1uf";;;
4;"J3";"Samtec_HPM-03-05-x-S_Straight_1x03_Pitch5.08mm";1;"Conn_01x03";;;
5;"D1";"D_DO-35_SOD27_P7.62mm_Horizontal";1;"1N5711";;;
6;"JP1";"PinHeader_1x02_P2.54mm_Vertical";1;"Jumper_2_Open";;;
7;"R3";"R_Axial_DIN0204_L3.6mm_D1.6mm_P7.62mm_Horizontal";1;"2.2k";;;
8;"U1";"SC0915_RPI";1;"SC0915";;;
9;"R1,R2";"R_Axial_DIN0204_L3.6mm_D1.6mm_P7.62mm_Horizontal";2;"10K@1%";;;
10;"J2,J1";"Samtec_HPM-10-01-x-S_Straight_1x10_Pitch5.08mm";2;"Conn_01x10_Pin";;;
11;"R4";"R_Axial_DIN0204_L3.6mm_D1.6mm_P7.62mm_Horizontal";1;"10K";;;
12;"J4";"PinHeader_1x08_P2.54mm_Vertical";1;"Conn_01x08_Pin";;;
13;"U3";"PinHeader_1x10_P2.54mm_Vertical";1;"LIS3DSH Module";;;
14;"Q1";"TO-92";1;"2N2222A";;;
